CASE NUMBER,SR LOCATION,COUNTY,DISTRICT,NEIGHBORHOOD,TAX ID,TRASH QUAD,RECYCLE QUAD,TRASH DAY,HEAVY TRASH DAY,RECYCLE DAY,KEY MAP,MANAGEMENT DISTRICT,DEPARTMENT,DIVISION,SR TYPE,QUEUE,SLA,STATUS,SR CREATE DATE,DUE DATE,DATE CLOSED,OVERDUE,Title,x,y,LATITUDE,LONGITUDE,Channel Type
1100271686-101000391452,,Unknown,Unknown,Unknown,Unknown,Unknown,Unknown,Unknown,Unknown,Unknown,Unknown,Unknown,PWE Public Works Engineering,Street and Drainage,Flooding,ROWM_StormSewer,4.0,Closed,2011-09-15 10:50:18,2011-09-18 04:50:18,2011-09-15 12:32:02,-2.68,Flooding,,,Unknown,Unknown,Unknown
1100273390-101000393038,,Unknown,Unknown,Unknown,Unknown,Unknown,Unknown,Unknown,Unknown,Unknown,Unknown,Unknown,PWE Public Works Engineering,Street and Drainage,Flooding,ROWM_StormSewer,4.0,Closed,2011-09-16 11:52:43,2011-09-19 05:52:43,2011-09-16 12:47:32,-2.71,Flooding,,,Unknown,Unknown,Unknown
1100273604-101000393209,,Unknown,Unknown,Unknown,Unknown,Unknown,Unknown,Unknown,Unknown,Unknown,Unknown,Unknown,PWE Public Works Engineering,Street and Drainage,Flooding,ROWM_StormSewer,4.0,Closed,2011-09-16 13:48:40,2011-09-19 07:48:40,2011-09-16 14:19:33,-2.73,Flooding,,,Unknown,Unknown,Unknown
1100274554-101000394079,,Unknown,Unknown,Unknown,Unknown,Unknown,Unknown,Unknown,Unknown,Unknown,Unknown,Unknown,PWE Public Works Engineering,Street and Drainage,Flooding,ROWM_StormSewer,4.0,Closed,2011-09-17 18:13:14,2011-09-20 12:13:14,2011-09-17 19:34:28,-2.69,Flooding,,,Unknown,Unknown,Unknown
1100274703-101000394260,,Unknown,Unknown,Unknown,Unknown,Unknown,Unknown,Unknown,Unknown,Unknown,Unknown,Unknown,PWE Public Works Engineering,Street and Drainage,Flooding,ROWM_StormSewer,4.0,Closed,2011-09-18 10:51:45,2011-09-21 04:51:45,2011-09-18 13:11:47,-2.65,Flooding,,,Unknown,Unknown,Unknown
1100274951-101000394464,,Unknown,Unknown,Unknown,Unknown,Unknown,Unknown,Unknown,Unknown,Unknown,Unknown,Unknown,PWE Public Works Engineering,Street and Drainage,Flooding,ROWM_StormSewer,4.0,Closed,2011-09-19 05:52:54,2011-09-21 23:52:54,2011-09-19 08:34:25,-2.64,Flooding,,,Unknown,Unknown,Unknown
1100274955-101000394471,,Unknown,Unknown,Unknown,Unknown,Unknown,Unknown,Unknown,Unknown,Unknown,Unknown,Unknown,PWE Public Works Engineering,Street and Drainage,Flooding,ROWM_StormSewer,4.0,Closed,2011-09-19 05:59:52,2011-09-21 23:59:52,2011-09-19 13:29:00,-2.44,Flooding,,,Unknown,Unknown,Unknown
1100275019-101000394552,,Unknown,Unknown,Unknown,Unknown,Unknown,Unknown,Unknown,Unknown,Unknown,Unknown,Unknown,PWE Public Works Engineering,Street and Drainage,Flooding,ROWM_StormSewer,4.0,Closed,2011-09-19 07:41:49,2011-09-22 01:41:49,2011-09-19 09:02:11,-2.69,Flooding,,,Unknown,Unknown,Unknown
1100275055-101000394580,,Unknown,Unknown,Unknown,Unknown,Unknown,Unknown,Unknown,Unknown,Unknown,Unknown,Unknown,PWE Public Works Engineering,Street and Drainage,Flooding,ROWM_StormSewer,4.0,Closed,2011-09-19 07:58:06,2011-09-22 01:58:06,2011-09-19 08:01:20,-2.75,Flooding,,,Unknown,Unknown,Unknown
1100275138-101000394667,,Unknown,Unknown,Unknown,Unknown,Unknown,Unknown,Unknown,Unknown,Unknown,Unknown,Unknown,PWE Public Works Engineering,Street and Drainage,Flooding,ROWM_StormSewer,4.0,Closed,2011-09-19 08:31:08,2011-09-22 02:31:08,2011-09-19 08:40:12,-2.74,Flooding,,,Unknown,Unknown,Unknown
1100275314-101000394759,,Unknown,Unknown,Unknown,Unknown,Unknown,Unknown,Unknown,Unknown,Unknown,Unknown,Unknown,PWE Public Works Engineering,Street and Drainage,Flooding,ROWM_StormSewer,4.0,Closed,2011-09-19 09:41:46,2011-09-22 03:41:46,2011-09-19 16:54:55,-2.45,Flooding,,,Unknown,Unknown,Unknown
1100275358-101000394817,,Unknown,Unknown,Unknown,Unknown,Unknown,Unknown,Unknown,Unknown,Unknown,Unknown,Unknown,PWE Public Works Engineering,Street and Drainage,Flooding,ROWM_StormSewer,4.0,Closed,2011-09-19 09:53:16,2011-09-22 03:53:16,2011-09-19 10:07:31,-2.74,Flooding,,,Unknown,Unknown,Unknown
1100276347-101000395702,,Unknown,Unknown,Unknown,Unknown,Unknown,Unknown,Unknown,Unknown,Unknown,Unknown,Unknown,PWE Public Works Engineering,Street and Drainage,Flooding,ROWM_StormSewer,4.0,Closed,2011-09-19 16:54:40,2011-09-22 10:54:40,2011-09-21 09:45:51,-1.05,Flooding,,,Unknown,Unknown,Unknown
1100279859-101000398850,,Unknown,Unknown,Unknown,Unknown,Unknown,Unknown,Unknown,Unknown,Unknown,Unknown,Unknown,PWE Public Works Engineering,Street and Drainage,Flooding,ROWM_StormSewer,4.0,Closed,2011-09-22 06:28:12,2011-09-25 00:28:12,2011-09-23 09:18:50,-1.63,Flooding,,,Unknown,Unknown,Unknown
1100282233-101000400937,,Unknown,Unknown,Unknown,Unknown,Unknown,Unknown,Unknown,Unknown,Unknown,Unknown,Unknown,PWE Public Works Engineering,Street and Drainage,Flooding,ROWM_StormSewer,4.0,Closed,2011-09-23 15:34:56,2011-09-26 09:34:56,2011-09-24 20:08:01,-1.56,Flooding,,,Unknown,Unknown,Unknown
1100289769-101000407666,,Unknown,Unknown,Unknown,Unknown,Unknown,Unknown,Unknown,Unknown,Unknown,Unknown,Unknown,PWE Public Works Engineering,Street and Drainage,Flooding,ROWM_StormSewer,4.0,Closed,2011-09-30 12:23:15,2011-10-03 06:23:15,2011-09-30 12:27:58,-2.75,Flooding,,,Unknown,Unknown,Unknown
1100298139-101000414454,,Unknown,Unknown,Unknown,Unknown,Unknown,Unknown,Unknown,Unknown,Unknown,Unknown,Unknown,PWE Public Works Engineering,Street and Drainage,Flooding,ROWM_StormSewer,4.0,Closed,2011-10-09 09:50:25,2011-10-12 09:50:25,2011-10-09 11:22:25,-2.94,Flooding,,,Unknown,Unknown,Unknown
1100298216-101000414531,,Unknown,Unknown,Unknown,Unknown,Unknown,Unknown,Unknown,Unknown,Unknown,Unknown,Unknown,PWE Public Works Engineering,Street and Drainage,Flooding,ROWM_StormSewer,4.0,Closed,2011-10-09 15:01:47,2011-10-12 15:01:47,2011-10-10 14:45:12,-2.01,Flooding,,,Unknown,Unknown,Unknown
1100298222-101000414524,,Unknown,Unknown,Unknown,Unknown,Unknown,Unknown,Unknown,Unknown,Unknown,Unknown,Unknown,PWE Public Works Engineering,Street and Drainage,Flooding,ROWM_StormSewer,4.0,Closed,2011-10-09 15:15:29,2011-10-12 15:15:29,2011-10-10 12:19:31,-2.12,Flooding,,,Unknown,Unknown,Unknown
1100298236-101000414555,,Unknown,Unknown,Unknown,Unknown,Unknown,Unknown,Unknown,Unknown,Unknown,Unknown,Unknown,PWE Public Works Engineering,Street and Drainage,Flooding,ROWM_StormSewer,4.0,Closed,2011-10-09 15:51:25,2011-10-12 15:51:25,2011-10-10 10:49:59,-2.21,Flooding,,,Unknown,Unknown,Unknown
1100298240-101000414558,,Unknown,Unknown,Unknown,Unknown,Unknown,Unknown,Unknown,Unknown,Unknown,Unknown,Unknown,PWE Public Works Engineering,Street and Drainage,Flooding,ROWM_StormSewer,4.0,Closed,2011-10-09 16:03:21,2011-10-12 16:03:21,2011-10-10 10:50:22,-2.22,Flooding,,,Unknown,Unknown,Unknown
1100298277-101000414572,,Unknown,Unknown,Unknown,Unknown,Unknown,Unknown,Unknown,Unknown,Unknown,Unknown,Unknown,PWE Public Works Engineering,Street and Drainage,Flooding,ROWM_StormSewer,4.0,Closed,2011-10-09 17:49:10,2011-10-12 17:49:10,2011-10-10 10:50:44,-2.29,Flooding,,,Unknown,Unknown,Unknown
1100298333-101000414629,,Unknown,Unknown,Unknown,Unknown,Unknown,Unknown,Unknown,Unknown,Unknown,Unknown,Unknown,PWE Public Works Engineering,Street and Drainage,Flooding,ROWM_StormSewer,4.0,Closed,2011-10-09 23:39:23,2011-10-12 23:39:23,2011-10-10 10:51:06,-2.53,Flooding,,,Unknown,Unknown,Unknown
1100298344-101000414638,,Unknown,Unknown,Unknown,Unknown,Unknown,Unknown,Unknown,Unknown,Unknown,Unknown,Unknown,PWE Public Works Engineering,Street and Drainage,Flooding,ROWM_StormSewer,4.0,Closed,2011-10-10 06:02:34,2011-10-13 06:02:34,2011-10-10 10:51:27,-2.8,Flooding,,,Unknown,Unknown,Unknown
1100298370-101000414654,,Unknown,Unknown,Unknown,Unknown,Unknown,Unknown,Unknown,Unknown,Unknown,Unknown,Unknown,PWE Public Works Engineering,Street and Drainage,Flooding,ROWM_StormSewer,4.0,Closed,2011-10-10 06:33:33,2011-10-13 06:33:33,2011-10-10 10:51:49,-2.82,Flooding,,,Unknown,Unknown,Unknown
1100298670-101000414959,,Unknown,Unknown,Unknown,Unknown,Unknown,Unknown,Unknown,Unknown,Unknown,Unknown,Unknown,PWE Public Works Engineering,Street and Drainage,Flooding,ROWM_StormSewer,4.0,Closed,2011-10-10 09:03:17,2011-10-13 09:03:17,2011-10-10 15:05:52,-2.75,Flooding,,,Unknown,Unknown,Unknown
1100298886-101000415159,,Unknown,Unknown,Unknown,Unknown,Unknown,Unknown,Unknown,Unknown,Unknown,Unknown,Unknown,PWE Public Works Engineering,Street and Drainage,Flooding,ROWM_StormSewer,4.0,Closed,2011-10-10 10:29:19,2011-10-13 10:29:19,2011-10-10 15:17:25,-2.8,Flooding,,,Unknown,Unknown,Unknown
1100299921-101000415995,,Unknown,Unknown,Unknown,Unknown,Unknown,Unknown,Unknown,Unknown,Unknown,Unknown,Unknown,PWE Public Works Engineering,Street and Drainage,Flooding,ROWM_StormSewer,4.0,Closed,2011-10-10 22:30:03,2011-10-13 22:30:03,2011-10-11 08:43:02,-2.57,Flooding,,,Unknown,Unknown,Unknown
1100299940-101000415993,,Unknown,Unknown,Unknown,Unknown,Unknown,Unknown,Unknown,Unknown,Unknown,Unknown,Unknown,PWE Public Works Engineering,Street and Drainage,Flooding,ROWM_StormSewer,4.0,Closed,2011-10-11 02:06:59,2011-10-14 02:06:59,2011-10-11 08:43:03,-2.72,Flooding,,,Unknown,Unknown,Unknown
1100299948-101000416001,,Unknown,Unknown,Unknown,Unknown,Unknown,Unknown,Unknown,Unknown,Unknown,Unknown,Unknown,PWE Public Works Engineering,Street and Drainage,Flooding,ROWM_StormSewer,4.0,Closed,2011-10-11 05:23:35,2011-10-14 05:23:35,2011-10-11 08:43:03,-2.86,Flooding,,,Unknown,Unknown,Unknown
1100299951-101000415980,,Unknown,Unknown,Unknown,Unknown,Unknown,Unknown,Unknown,Unknown,Unknown,Unknown,Unknown,PWE Public Works Engineering,Street and Drainage,Flooding,ROWM_StormSewer,4.0,Closed,2011-10-11 05:58:52,2011-10-14 05:58:52,2011-10-11 08:43:03,-2.89,Flooding,,,Unknown,Unknown,Unknown
1100299960-101000416023,,Unknown,Unknown,Unknown,Unknown,Unknown,Unknown,Unknown,Unknown,Unknown,Unknown,Unknown,PWE Public Works Engineering,Street and Drainage,Flooding,ROWM_StormSewer,4.0,Closed,2011-10-11 06:19:01,2011-10-14 06:19:01,2011-10-11 08:43:03,-2.9,Flooding,,,Unknown,Unknown,Unknown
1100299989-101000416062,,Unknown,Unknown,Unknown,Unknown,Unknown,Unknown,Unknown,Unknown,Unknown,Unknown,Unknown,PWE Public Works Engineering,Street and Drainage,Flooding,ROWM_StormSewer,4.0,Closed,2011-10-11 07:09:27,2011-10-14 07:09:27,2011-10-11 08:43:03,-2.94,Flooding,,,Unknown,Unknown,Unknown
1100300000-101000416034,,Unknown,Unknown,Unknown,Unknown,Unknown,Unknown,Unknown,Unknown,Unknown,Unknown,Unknown,PWE Public Works Engineering,Street and Drainage,Flooding,ROWM_StormSewer,4.0,Closed,2011-10-11 07:19:33,2011-10-14 07:19:33,2011-10-11 08:43:03,-2.94,Flooding,,,Unknown,Unknown,Unknown
1100300045-101000416070,,Unknown,Unknown,Unknown,Unknown,Unknown,Unknown,Unknown,Unknown,Unknown,Unknown,Unknown,PWE Public Works Engineering,Street and Drainage,Flooding,ROWM_StormSewer,4.0,Closed,2011-10-11 07:44:46,2011-10-14 07:44:46,2011-10-11 08:43:03,-2.96,Flooding,,,Unknown,Unknown,Unknown
1100300052-101000416124,,Unknown,Unknown,Unknown,Unknown,Unknown,Unknown,Unknown,Unknown,Unknown,Unknown,Unknown,PWE Public Works Engineering,Street and Drainage,Flooding,ROWM_StormSewer,4.0,Closed,2011-10-11 07:49:48,2011-10-14 07:49:48,2011-10-11 08:43:03,-2.96,Flooding,,,Unknown,Unknown,Unknown
1100300115-101000416145,,Unknown,Unknown,Unknown,Unknown,Unknown,Unknown,Unknown,Unknown,Unknown,Unknown,Unknown,PWE Public Works Engineering,Street and Drainage,Flooding,ROWM_StormSewer,4.0,Closed,2011-10-11 08:15:01,2011-10-14 08:15:01,2011-10-11 08:43:03,-2.98,Flooding,,,Unknown,Unknown,Unknown
1100300114-101000416143,,Unknown,Unknown,Unknown,Unknown,Unknown,Unknown,Unknown,Unknown,Unknown,Unknown,Unknown,PWE Public Works Engineering,Street and Drainage,Flooding,ROWM_StormSewer,4.0,Closed,2011-10-11 08:15:01,2011-10-14 08:15:01,2011-10-11 08:43:03,-2.98,Flooding,,,Unknown,Unknown,Unknown
1100300138-101000416167,,Unknown,Unknown,Unknown,Unknown,Unknown,Unknown,Unknown,Unknown,Unknown,Unknown,Unknown,PWE Public Works Engineering,Street and Drainage,Flooding,ROWM_StormSewer,4.0,Closed,2011-10-11 08:25:06,2011-10-14 08:25:06,2011-10-11 08:43:03,-2.99,Flooding,,,Unknown,Unknown,Unknown
1100300162-101000416186,,Unknown,Unknown,Unknown,Unknown,Unknown,Unknown,Unknown,Unknown,Unknown,Unknown,Unknown,PWE Public Works Engineering,Street and Drainage,Flooding,ROWM_StormSewer,4.0,Closed,2011-10-11 08:35:12,2011-10-14 08:35:12,2011-10-11 08:43:03,-2.99,Flooding,,,Unknown,Unknown,Unknown
1100300171-101000416193,,Unknown,Unknown,Unknown,Unknown,Unknown,Unknown,Unknown,Unknown,Unknown,Unknown,Unknown,PWE Public Works Engineering,Street and Drainage,Flooding,ROWM_StormSewer,4.0,Closed,2011-10-11 08:40:14,2011-10-14 08:40:14,2011-10-11 08:43:03,-3.0,Flooding,,,Unknown,Unknown,Unknown
1100300219-101000416225,,Unknown,Unknown,Unknown,Unknown,Unknown,Unknown,Unknown,Unknown,Unknown,Unknown,Unknown,PWE Public Works Engineering,Street and Drainage,Flooding,ROWM_StormSewer,4.0,Closed,2011-10-11 09:00:24,2011-10-14 09:00:24,2011-10-12 07:35:00,-2.06,Flooding,,,Unknown,Unknown,Unknown
1100300243-101000416250,,Unknown,Unknown,Unknown,Unknown,Unknown,Unknown,Unknown,Unknown,Unknown,Unknown,Unknown,PWE Public Works Engineering,Street and Drainage,Flooding,ROWM_StormSewer,4.0,Closed,2011-10-11 09:10:29,2011-10-14 09:10:29,2011-10-12 07:35:29,-2.07,Flooding,,,Unknown,Unknown,Unknown
1100300271-101000416293,,Unknown,Unknown,Unknown,Unknown,Unknown,Unknown,Unknown,Unknown,Unknown,Unknown,Unknown,PWE Public Works Engineering,Street and Drainage,Flooding,ROWM_StormSewer,4.0,Closed,2011-10-11 09:20:35,2011-10-14 09:20:35,2011-10-11 09:25:28,-3.0,Flooding,,,Unknown,Unknown,Unknown
1100300345-101000416333,,Unknown,Unknown,Unknown,Unknown,Unknown,Unknown,Unknown,Unknown,Unknown,Unknown,Unknown,PWE Public Works Engineering,Street and Drainage,Flooding,ROWM_StormSewer,4.0,Closed,2011-10-11 09:45:47,2011-10-14 09:45:47,2011-10-12 07:35:44,-2.09,Flooding,,,Unknown,Unknown,Unknown
1100300347-101000416332,,Unknown,Unknown,Unknown,Unknown,Unknown,Unknown,Unknown,Unknown,Unknown,Unknown,Unknown,PWE Public Works Engineering,Street and Drainage,Flooding,ROWM_StormSewer,4.0,Closed,2011-10-11 09:45:48,2011-10-14 09:45:48,2011-10-11 10:19:33,-2.98,Flooding,,,Unknown,Unknown,Unknown
1100300348-101000416331,,Unknown,Unknown,Unknown,Unknown,Unknown,Unknown,Unknown,Unknown,Unknown,Unknown,Unknown,PWE Public Works Engineering,Street and Drainage,Flooding,ROWM_StormSewer,4.0,Closed,2011-10-11 09:45:48,2011-10-14 09:45:48,2011-10-11 10:34:33,-2.97,Flooding,,,Unknown,Unknown,Unknown
1100300361-101000416365,,Unknown,Unknown,Unknown,Unknown,Unknown,Unknown,Unknown,Unknown,Unknown,Unknown,Unknown,PWE Public Works Engineering,Street and Drainage,Flooding,ROWM_StormSewer,4.0,Closed,2011-10-11 09:50:50,2011-10-14 09:50:50,2011-10-11 10:19:33,-2.98,Flooding,,,Unknown,Unknown,Unknown
1100300396-101000416400,,Unknown,Unknown,Unknown,Unknown,Unknown,Unknown,Unknown,Unknown,Unknown,Unknown,Unknown,PWE Public Works Engineering,Street and Drainage,Flooding,ROWM_StormSewer,4.0,Closed,2011-10-11 10:05:58,2011-10-14 10:05:58,2011-10-11 10:19:33,-2.99,Flooding,,,Unknown,Unknown,Unknown
1100300397-101000416399,,Unknown,Unknown,Unknown,Unknown,Unknown,Unknown,Unknown,Unknown,Unknown,Unknown,Unknown,PWE Public Works Engineering,Street and Drainage,Flooding,ROWM_StormSewer,4.0,Closed,2011-10-11 10:05:58,2011-10-14 10:05:58,2011-10-11 10:19:33,-2.99,Flooding,,,Unknown,Unknown,Unknown
1100300461-101000416449,,Unknown,Unknown,Unknown,Unknown,Unknown,Unknown,Unknown,Unknown,Unknown,Unknown,Unknown,PWE Public Works Engineering,Street and Drainage,Flooding,ROWM_StormSewer,4.0,Closed,2011-10-11 10:26:12,2011-10-14 10:26:12,2011-10-11 10:35:54,-2.99,Flooding,,,Unknown,Unknown,Unknown
1100300474-101000416438,,Unknown,Unknown,Unknown,Unknown,Unknown,Unknown,Unknown,Unknown,Unknown,Unknown,Unknown,PWE Public Works Engineering,Street and Drainage,Flooding,ROWM_StormSewer,4.0,Closed,2011-10-11 10:36:17,2011-10-14 10:36:17,2011-10-11 10:37:17,-3.0,Flooding,,,Unknown,Unknown,Unknown
1100300865-101000416768,,Unknown,Unknown,Unknown,Unknown,Unknown,Unknown,Unknown,Unknown,Unknown,Unknown,Unknown,PWE Public Works Engineering,Street and Drainage,Flooding,ROWM_StormSewer,4.0,Closed,2011-10-11 13:12:35,2011-10-14 13:12:35,2011-10-11 13:23:53,-2.99,Flooding,,,Unknown,Unknown,Unknown
1100300969-101000416843,,Unknown,Unknown,Unknown,Unknown,Unknown,Unknown,Unknown,Unknown,Unknown,Unknown,Unknown,PWE Public Works Engineering,Street and Drainage,Flooding,ROWM_StormSewer,4.0,Closed,2011-10-11 13:57:58,2011-10-14 13:57:58,2011-10-12 10:58:43,-2.12,Flooding,,,Unknown,Unknown,Unknown
1100301392-101000417182,,Unknown,Unknown,Unknown,Unknown,Unknown,Unknown,Unknown,Unknown,Unknown,Unknown,Unknown,PWE Public Works Engineering,Street and Drainage,Flooding,ROWM_StormSewer,4.0,Closed,2011-10-11 17:39:48,2011-10-14 17:39:48,2011-10-13 10:17:08,-1.31,Flooding,,,Unknown,Unknown,Unknown
1100301454-101000417235,,Unknown,Unknown,Unknown,Unknown,Unknown,Unknown,Unknown,Unknown,Unknown,Unknown,Unknown,PWE Public Works Engineering,Street and Drainage,Flooding,ROWM_StormSewer,4.0,Closed,2011-10-11 18:55:25,2011-10-14 18:55:25,2011-10-12 07:36:07,-2.47,Flooding,,,Unknown,Unknown,Unknown
1100301487-101000417313,,Unknown,Unknown,Unknown,Unknown,Unknown,Unknown,Unknown,Unknown,Unknown,Unknown,Unknown,PWE Public Works Engineering,Street and Drainage,Flooding,ROWM_StormSewer,4.0,Closed,2011-10-11 20:00:56,2011-10-14 20:00:56,2011-10-12 07:36:07,-2.52,Flooding,,,Unknown,Unknown,Unknown
1100301488-101000417312,,Unknown,Unknown,Unknown,Unknown,Unknown,Unknown,Unknown,Unknown,Unknown,Unknown,Unknown,PWE Public Works Engineering,Street and Drainage,Flooding,ROWM_StormSewer,4.0,Closed,2011-10-11 20:00:57,2011-10-14 20:00:57,2011-10-12 07:36:07,-2.52,Flooding,,,Unknown,Unknown,Unknown
1100301492-101000417282,,Unknown,Unknown,Unknown,Unknown,Unknown,Unknown,Unknown,Unknown,Unknown,Unknown,Unknown,PWE Public Works Engineering,Street and Drainage,Flooding,ROWM_StormSewer,4.0,Closed,2011-10-11 20:26:10,2011-10-14 20:26:10,2011-10-12 07:36:07,-2.53,Flooding,,,Unknown,Unknown,Unknown
1100301523-101000417356,,Unknown,Unknown,Unknown,Unknown,Unknown,Unknown,Unknown,Unknown,Unknown,Unknown,Unknown,PWE Public Works Engineering,Street and Drainage,Flooding,ROWM_StormSewer,4.0,Closed,2011-10-11 21:31:43,2011-10-14 21:31:43,2011-10-12 07:36:07,-2.58,Flooding,,,Unknown,Unknown,Unknown
1100301550-101000417322,,Unknown,Unknown,Unknown,Unknown,Unknown,Unknown,Unknown,Unknown,Unknown,Unknown,Unknown,PWE Public Works Engineering,Street and Drainage,Flooding,ROWM_StormSewer,4.0,Closed,2011-10-11 23:37:46,2011-10-14 23:37:46,2011-10-12 07:36:07,-2.67,Flooding,,,Unknown,Unknown,Unknown
1100301590-101000417376,,Unknown,Unknown,Unknown,Unknown,Unknown,Unknown,Unknown,Unknown,Unknown,Unknown,Unknown,PWE Public Works Engineering,Street and Drainage,Flooding,ROWM_StormSewer,4.0,Closed,2011-10-12 06:26:10,2011-10-15 06:26:10,2011-10-12 07:36:07,-2.95,Flooding,,,Unknown,Unknown,Unknown
1100301605-101000417402,,Unknown,Unknown,Unknown,Unknown,Unknown,Unknown,Unknown,Unknown,Unknown,Unknown,Unknown,PWE Public Works Engineering,Street and Drainage,Flooding,ROWM_StormSewer,4.0,Closed,2011-10-12 07:06:30,2011-10-15 07:06:30,2011-10-12 07:36:07,-2.98,Flooding,,,Unknown,Unknown,Unknown
1100301743-101000417506,,Unknown,Unknown,Unknown,Unknown,Unknown,Unknown,Unknown,Unknown,Unknown,Unknown,Unknown,PWE Public Works Engineering,Street and Drainage,Flooding,ROWM_StormSewer,4.0,Closed,2011-10-12 08:37:14,2011-10-15 08:37:14,2011-10-12 08:47:35,-2.99,Flooding,,,Unknown,Unknown,Unknown
1100301948-101000417699,,Unknown,Unknown,Unknown,Unknown,Unknown,Unknown,Unknown,Unknown,Unknown,Unknown,Unknown,PWE Public Works Engineering,Street and Drainage,Flooding,ROWM_StormSewer,4.0,Closed,2011-10-12 10:13:04,2011-10-15 10:13:04,2011-10-12 10:51:21,-2.97,Flooding,,,Unknown,Unknown,Unknown
1100302229-101000417924,,Unknown,Unknown,Unknown,Unknown,Unknown,Unknown,Unknown,Unknown,Unknown,Unknown,Unknown,PWE Public Works Engineering,Street and Drainage,Flooding,ROWM_StormSewer,4.0,Closed,2011-10-12 12:44:25,2011-10-15 12:44:25,2011-10-12 12:46:55,-3.0,Flooding,,,Unknown,Unknown,Unknown
1100302281-101000417942,,Unknown,Unknown,Unknown,Unknown,Unknown,Unknown,Unknown,Unknown,Unknown,Unknown,Unknown,PWE Public Works Engineering,Street and Drainage,Flooding,ROWM_StormSewer,4.0,Closed,2011-10-12 13:09:38,2011-10-15 13:09:38,2011-10-12 14:25:28,-2.95,Flooding,,,Unknown,Unknown,Unknown
1100302770-101000418342,,Unknown,Unknown,Unknown,Unknown,Unknown,Unknown,Unknown,Unknown,Unknown,Unknown,Unknown,PWE Public Works Engineering,Street and Drainage,Flooding,ROWM_StormSewer,4.0,Closed,2011-10-12 17:57:05,2011-10-15 17:57:05,2011-10-13 07:25:09,-2.44,Flooding,,,Unknown,Unknown,Unknown
1100302886-101000418407,,Unknown,Unknown,Unknown,Unknown,Unknown,Unknown,Unknown,Unknown,Unknown,Unknown,Unknown,PWE Public Works Engineering,Street and Drainage,Flooding,ROWM_StormSewer,4.0,Closed,2011-10-12 21:33:55,2011-10-15 21:33:55,2011-10-13 07:25:09,-2.59,Flooding,,,Unknown,Unknown,Unknown
1100302900-101000418481,,Unknown,Unknown,Unknown,Unknown,Unknown,Unknown,Unknown,Unknown,Unknown,Unknown,Unknown,PWE Public Works Engineering,Street and Drainage,Flooding,ROWM_StormSewer,4.0,Closed,2011-10-12 22:24:20,2011-10-15 22:24:20,2011-10-13 07:25:09,-2.62,Flooding,,,Unknown,Unknown,Unknown
1100302901-101000418484,,Unknown,Unknown,Unknown,Unknown,Unknown,Unknown,Unknown,Unknown,Unknown,Unknown,Unknown,PWE Public Works Engineering,Street and Drainage,Flooding,ROWM_StormSewer,4.0,Closed,2011-10-12 22:24:21,2011-10-15 22:24:21,2011-10-13 07:25:09,-2.62,Flooding,,,Unknown,Unknown,Unknown
1100303972-101000419323,,Unknown,Unknown,Unknown,Unknown,Unknown,Unknown,Unknown,Unknown,Unknown,Unknown,Unknown,PWE Public Works Engineering,Street and Drainage,Flooding,ROWM_StormSewer,4.0,Closed,2011-10-13 16:04:21,2011-10-16 16:04:21,2011-10-13 16:28:55,-2.98,Flooding,,,Unknown,Unknown,Unknown
1100304106-101000419427,,Unknown,Unknown,Unknown,Unknown,Unknown,Unknown,Unknown,Unknown,Unknown,Unknown,Unknown,PWE Public Works Engineering,Street and Drainage,Flooding,ROWM_StormSewer,4.0,Closed,2011-10-13 17:18:50,2011-10-16 17:18:50,2011-10-13 17:23:26,-3.0,Flooding,,,Unknown,Unknown,Unknown
1100304467-101000419750,,Unknown,Unknown,Unknown,Unknown,Unknown,Unknown,Unknown,Unknown,Unknown,Unknown,Unknown,PWE Public Works Engineering,Street and Drainage,Flooding,ROWM_StormSewer,4.0,Closed,2011-10-14 08:46:39,2011-10-17 08:46:39,2011-10-14 09:09:08,-2.98,Flooding,,,Unknown,Unknown,Unknown
1100305564-101000420579,,Unknown,Unknown,Unknown,Unknown,Unknown,Unknown,Unknown,Unknown,Unknown,Unknown,Unknown,PWE Public Works Engineering,Street and Drainage,Flooding,ROWM_StormSewer,4.0,Closed,2011-10-14 22:28:33,2011-10-17 22:28:33,2011-10-18 08:05:44,0.4,Flooding,,,Unknown,Unknown,Unknown
1100305970-101000420961,,Unknown,Unknown,Unknown,Unknown,Unknown,Unknown,Unknown,Unknown,Unknown,Unknown,Unknown,PWE Public Works Engineering,Street and Drainage,Flooding,ROWM_StormSewer,4.0,Closed,2011-10-16 22:22:55,2011-10-19 22:22:55,2011-10-17 02:40:14,-2.82,Flooding,,,Unknown,Unknown,Unknown
1100309041-101000423431,,Unknown,Unknown,Unknown,Unknown,Unknown,Unknown,Unknown,Unknown,Unknown,Unknown,Unknown,PWE Public Works Engineering,Street and Drainage,Flooding,ROWM_StormSewer,4.0,Closed,2011-10-18 23:42:46,2011-10-21 23:42:46,2011-10-19 07:47:13,-2.66,Flooding,,,Unknown,Unknown,Unknown
1100309204-101000423560,,Unknown,Unknown,Unknown,Unknown,Unknown,Unknown,Unknown,Unknown,Unknown,Unknown,Unknown,PWE Public Works Engineering,Street and Drainage,Flooding,ROWM_StormSewer,4.0,Closed,2011-10-19 08:52:30,2011-10-22 08:52:30,2011-10-19 08:58:12,-3.0,Flooding,,,Unknown,Unknown,Unknown
1100309216-101000423580,,Unknown,Unknown,Unknown,Unknown,Unknown,Unknown,Unknown,Unknown,Unknown,Unknown,Unknown,PWE Public Works Engineering,Street and Drainage,Flooding,ROWM_StormSewer,4.0,Closed,2011-10-19 09:02:37,2011-10-22 09:02:37,2011-10-19 09:12:38,-2.99,Flooding,,,Unknown,Unknown,Unknown
1100309268-101000423603,,Unknown,Unknown,Unknown,Unknown,Unknown,Unknown,Unknown,Unknown,Unknown,Unknown,Unknown,PWE Public Works Engineering,Street and Drainage,Flooding,ROWM_StormSewer,4.0,Closed,2011-10-19 09:32:51,2011-10-22 09:32:51,2011-10-19 09:51:50,-2.99,Flooding,,,Unknown,Unknown,Unknown
1100310240-101000424356,,Unknown,Unknown,Unknown,Unknown,Unknown,Unknown,Unknown,Unknown,Unknown,Unknown,Unknown,PWE Public Works Engineering,Street and Drainage,Flooding,ROWM_StormSewer,4.0,Closed,2011-10-20 05:43:01,2011-10-23 05:43:01,2011-10-20 07:05:18,-2.94,Flooding,,,Unknown,Unknown,Unknown
1100310370-101000424482,,Unknown,Unknown,Unknown,Unknown,Unknown,Unknown,Unknown,Unknown,Unknown,Unknown,Unknown,PWE Public Works Engineering,Street and Drainage,Flooding,ROWM_StormSewer,4.0,Closed,2011-10-20 08:44:31,2011-10-23 08:44:31,2011-10-20 08:47:52,-3.0,Flooding,,,Unknown,Unknown,Unknown
1100310401-101000424481,,Unknown,Unknown,Unknown,Unknown,Unknown,Unknown,Unknown,Unknown,Unknown,Unknown,Unknown,PWE Public Works Engineering,Street and Drainage,Flooding,ROWM_StormSewer,4.0,Closed,2011-10-20 09:09:45,2011-10-23 09:09:45,2011-10-20 09:17:59,-2.99,Flooding,,,Unknown,Unknown,Unknown
1100310402-101000424479,,Unknown,Unknown,Unknown,Unknown,Unknown,Unknown,Unknown,Unknown,Unknown,Unknown,Unknown,PWE Public Works Engineering,Street and Drainage,Flooding,ROWM_StormSewer,4.0,Closed,2011-10-20 09:09:46,2011-10-23 09:09:46,2011-10-20 09:18:00,-2.99,Flooding,,,Unknown,Unknown,Unknown
1100310490-101000424574,,Unknown,Unknown,Unknown,Unknown,Unknown,Unknown,Unknown,Unknown,Unknown,Unknown,Unknown,PWE Public Works Engineering,Street and Drainage,Flooding,ROWM_StormSewer,4.0,Closed,2011-10-20 10:00:10,2011-10-23 10:00:10,2011-10-20 10:09:13,-2.99,Flooding,,,Unknown,Unknown,Unknown
1100310586-101000424680,,Unknown,Unknown,Unknown,Unknown,Unknown,Unknown,Unknown,Unknown,Unknown,Unknown,Unknown,PWE Public Works Engineering,Street and Drainage,Flooding,ROWM_StormSewer,4.0,Closed,2011-10-20 10:45:32,2011-10-23 10:45:32,2011-10-20 10:46:25,-3.0,Flooding,,,Unknown,Unknown,Unknown
1100310611-101000424669,,Unknown,Unknown,Unknown,Unknown,Unknown,Unknown,Unknown,Unknown,Unknown,Unknown,Unknown,PWE Public Works Engineering,Street and Drainage,Flooding,ROWM_StormSewer,4.0,Closed,2011-10-20 10:55:38,2011-10-23 10:55:38,2011-10-20 10:56:19,-3.0,Flooding,,,Unknown,Unknown,Unknown
1100310679-101000424741,,Unknown,Unknown,Unknown,Unknown,Unknown,Unknown,Unknown,Unknown,Unknown,Unknown,Unknown,PWE Public Works Engineering,Street and Drainage,Flooding,ROWM_StormSewer,4.0,Closed,2011-10-20 11:25:51,2011-10-23 11:25:51,2011-10-20 11:32:14,-3.0,Flooding,,,Unknown,Unknown,Unknown
1100312582-101000426116,,Unknown,Unknown,Unknown,Unknown,Unknown,Unknown,Unknown,Unknown,Unknown,Unknown,Unknown,PWE Public Works Engineering,Street and Drainage,Flooding,ROWM_StormSewer,4.0,Closed,2011-10-21 18:34:06,2011-10-24 18:34:06,2011-10-22 04:43:37,-2.58,Flooding,,,Unknown,Unknown,Unknown
1100313022-101000426526,,Unknown,Unknown,Unknown,Unknown,Unknown,Unknown,Unknown,Unknown,Unknown,Unknown,Unknown,PWE Public Works Engineering,Street and Drainage,Flooding,ROWM_StormSewer,4.0,Closed,2011-10-23 17:35:39,2011-10-26 17:35:39,2011-10-24 05:23:03,-2.51,Flooding,,,Unknown,Unknown,Unknown
1100316566-101000428965,,Unknown,Unknown,Unknown,Unknown,Unknown,Unknown,Unknown,Unknown,Unknown,Unknown,Unknown,PWE Public Works Engineering,Street and Drainage,Flooding,ROWM_StormSewer,4.0,Closed,2011-10-26 12:19:44,2011-10-29 12:19:44,2011-10-26 12:33:02,-2.99,Flooding,,,Unknown,Unknown,Unknown
1100327816-101000481300,,Unknown,Unknown,Unknown,Unknown,Unknown,Unknown,Unknown,Unknown,Unknown,Unknown,Unknown,PWE Public Works Engineering,Street and Drainage,Flooding,ROWM_StormSewer,4.0,Closed,2011-11-07 16:09:02,2011-11-10 16:09:02,2011-11-07 16:39:16,-2.98,Flooding,,,Unknown,Unknown,Unknown
1100328874-101000481557,,Unknown,Unknown,Unknown,Unknown,Unknown,Unknown,Unknown,Unknown,Unknown,Unknown,Unknown,PWE Public Works Engineering,Street and Drainage,Flooding,ROWM_StormSewer,4.0,Closed,2011-11-08 12:55:59,2011-11-11 12:55:59,2011-11-08 16:36:03,-2.85,Flooding,,,Unknown,Unknown,Unknown
1100328937-101000481597,,Unknown,Unknown,Unknown,Unknown,Unknown,Unknown,Unknown,Unknown,Unknown,Unknown,Unknown,PWE Public Works Engineering,Street and Drainage,Flooding,ROWM_StormSewer,4.0,Closed,2011-11-08 13:34:39,2011-11-11 13:34:39,2011-11-08 16:37:11,-2.87,Flooding,,,Unknown,Unknown,Unknown
1100328949-101000481611,,Unknown,Unknown,Unknown,Unknown,Unknown,Unknown,Unknown,Unknown,Unknown,Unknown,Unknown,PWE Public Works Engineering,Street and Drainage,Flooding,ROWM_StormSewer,4.0,Closed,2011-11-08 13:39:35,2011-11-11 13:39:35,2011-11-08 16:37:50,-2.88,Flooding,,,Unknown,Unknown,Unknown
1100329064-101000481634,,Unknown,Unknown,Unknown,Unknown,Unknown,Unknown,Unknown,Unknown,Unknown,Unknown,Unknown,PWE Public Works Engineering,Street and Drainage,Flooding,ROWM_StormSewer,4.0,Closed,2011-11-08 14:30:44,2011-11-11 14:30:44,2011-11-08 16:38:29,-2.91,Flooding,,,Unknown,Unknown,Unknown
1100329114-101000481627,,Unknown,Unknown,Unknown,Unknown,Unknown,Unknown,Unknown,Unknown,Unknown,Unknown,Unknown,PWE Public Works Engineering,Street and Drainage,Flooding,ROWM_StormSewer,4.0,Closed,2011-11-08 15:00:48,2011-11-11 15:00:48,2011-11-08 16:39:14,-2.93,Flooding,,,Unknown,Unknown,Unknown
11434198-101000452754,"11510 SANDROCK, HOUSTON TX 77048",HARRIS,D,SOUTH ACRES / CRESTMONT PARK,0951960000024,SE,SE,FRIDAY,4th Tuesday,FRIDAY-B,574J,HCID #10-A,PWE Public Works Engineering,Street and Drainage,Flooding,ROWM_StormSewer,4.0,Closed,2011-11-09 14:32:56,2011-11-12 14:32:56,2011-11-09 16:45:01,-2.91,Flooding,3129694.71,13796583.44,29.63501328,-95.34403553,Voice In
11436485-101000456606,"6010 LYNDHURST, HOUSTON TX 77033",HARRIS,D,SOUTH PARK,0790300370003,SE,SE,FRIDAY,4th Wednesday,FRIDAY-A,534X,,PWE Public Works Engineering,Street and Drainage,Flooding,ROWM_StormSewer,4.0,Closed,2011-11-15 13:21:39,2011-11-18 13:21:39,2011-11-15 15:30:01,-2.91,Flooding,3134415.2,13808452.39,29.66723123,-95.32801013,Voice In
11436522-101000456710,Intersection 5900 BURGOYNE DR & 2400 FOUNTAIN VIEW DR,Harris County,G,GREATER UPTOWN,,,,,,,491S,,PWE Public Works Engineering,Street and Drainage,Flooding,ROWM_StormSewer,4.0,Closed,2011-11-15 14:19:21,2011-11-18 14:19:20,2011-11-15 16:15:02,-2.92,Flooding,3083626.51829,13834161.31019,29.74218935,-95.48543554,Voice In
11436551-101000456789,Intersection 5100 ALLENDALE RD & 5172 CRIPPLE CREEK DR,Harris County,E,MEADOWBROOK / ALLENDALE,,SE,SE,MONDAY,1st Monday,MONDAY-B,535V,,PWE Public Works Engineering,Street and Drainage,Flooding,ROWM_StormSewer,4.0,Closed,2011-11-15 15:07:45,2011-11-18 15:07:45,2011-11-15 16:30:05,-2.94,Flooding,,,29.68237883,-95.24750522,WEB
11436716-101000457240,"12714 ALICE, HOUSTON TX 77015",HARRIS,E,NORTHSHORE,0670800040011,NE,NE,THURSDAY,1st Monday,THURSDAY-A,496M,,PWE Public Works Engineering,Street and Drainage,Flooding,ROWM_StormSewer,4.0,Closed,2011-11-16 07:47:06,2011-11-19 07:47:06,2011-11-22 15:04:19,3.3,Flooding,3171337.1,13845166.2,29.76490477,-95.20805892,Voice In
101000458957,Intersection 900 ATTINGHAM DR & 10400 TOWN AND COUNTRY WAY,Harris County,G,MEMORIAL,,,,,,,489D,Proposed Memorial City,PWE Public Works Engineering,Street and Drainage,Flooding,ROWM_StormSewer,4.0,Closed,2011-11-17 15:43:08,2011-11-20 15:43:07,2011-11-21 16:30:23,1.03,Flooding,,,29.78141964,-95.55367268,Voice In
11437443-101000459028,Intersection 1450 ASHFORD PKWY & 12500 BRIAR FOREST DR,,G,BRIAR FOREST,,,,,,,488R,,PWE Public Works Engineering,Street and Drainage,Flooding,ROWM_StormSewer,4.0,Closed,2011-11-17 16:10:04,2011-11-20 16:10:03,2011-11-18 06:05:41,-2.42,Flooding,3046409.14325,13837311.221219998,,,Voice In
11437609-101000459489,"6303 CREEKBEND, HOUSTON TX 77096",HARRIS,K,BRAYS OAKS,1048010000079,,,,,,530Z,HCID #5 (Brays Oaks),PWE Public Works Engineering,Street and Drainage,Flooding,ROWM_StormSewer,4.0,Closed,2011-11-18 10:03:10,2011-11-21 10:03:10,2011-11-18 16:00:22,-2.75,Flooding,,,29.66535267,-95.50189759,Unknown
11438591-101000462910,"250 PORTWALL, HOUSTON TX 77029",HARRIS,B,PLEASANTVILLE AREA,0151290010034,,,,,,495B,,PWE Public Works Engineering,Street and Drainage,Flooding,ROWM_StormSewer,4.0,Closed,2011-11-22 08:24:43,2011-11-25 08:24:43,2011-12-01 16:40:03,6.34,Flooding,,,29.78513369,-95.27728075,WEB
11438921-101000463722,"BRADFORD, WADE",,Unknown,,,,,,,,,,PWE Public Works Engineering,Street and Drainage,Flooding,ROWM_StormSewer,4.0,Closed,2011-11-22 15:33:46,2011-11-25 15:33:46,2011-11-22 16:50:39,-2.95,Flooding,,,,,Voice In
101000464517,"2324 DORRINGTON, HOUSTON TX 77030",HARRIS,C,UNIVERSITY PLACE,1265800010001,SW,SE,TUESDAY,3rd Monday,TUESDAY-B,532G,,PWE Public Works Engineering,Street and Drainage,Flooding,ROWM_StormSewer,4.0,Closed,2011-11-23 13:46:15,2011-11-26 13:46:15,2011-11-24 04:58:56,-2.37,Flooding,,,29.70555673,-95.41381792,Unknown
11440523-101000473120,Intersection 200 ENGLISH ST & 5300 FULTON ST,,H,NEAR NORTHSIDE,,NE,NE,FRIDAY,1st Friday,Friday-b,453U,Greater Northside MD,PWE Public Works Engineering,Street and Drainage,Flooding,ROWM_StormSewer,4.0,Closed,2011-11-26 13:18:03,2011-11-29 13:18:03,2011-11-26 15:00:01,-2.93,Flooding,3119705.06917,13859134.24516,,,Voice In
11441263-101000474408,"702 FM 1959, HOUSTON TX 77034",HARRIS,E,SOUTH BELT / ELLINGTON,1116310000066,,,,,,617B,,PWE Public Works Engineering,Street and Drainage,Flooding,ROWM_StormSewer,4.0,Closed,2011-11-28 15:15:24,2011-12-01 15:15:24,2011-11-28 16:40:02,-2.94,Flooding,,,29.59331181,-95.18053351,WEB
11441530-101000478897,"6000 CHIMNEY ROCK, HOUSTON TX 77081",HARRIS,J,GULFTON,0370590240035,,,,,,531B,,PWE Public Works Engineering,Street and Drainage,Flooding,ROWM_StormSewer,4.0,Closed,2011-11-29 08:52:12,2011-12-02 08:52:12,2011-11-29 14:20:02,-2.77,Flooding,,,29.71574021,-95.47693276,WEB
11442412-101000482930,Intersection 7500 EDNA ST & 4000 JUNIPER ST,Harris County,I,GOLFCREST / BELLFORT / REVEILLE,,SE,SE,TUESDAY,3rd Wednesday,TUESDAY-A,535N,,PWE Public Works Engineering,Street and Drainage,Flooding,ROWM_StormSewer,4.0,Closed,2011-12-01 08:58:38,2011-12-04 08:58:38,2011-12-01 10:20:02,-2.94,Flooding,3145342.73082,13815027.59256,29.68435662,-95.29296119,Voice In
11443441-101000485368,Intersection 0 MAIN NB 45 N ENT RAMP & 2538 NORTH FWY,Harris County,H,NORTHSIDE VILLAGE,,,,,,,453Y,Greater Northside,PWE Public Works Engineering,Street and Drainage,Flooding,ROWM_StormSewer,4.0,Closed,2011-12-05 06:38:59,2011-12-08 06:38:59,2011-12-05 12:00:21,-2.78,Flooding,3119222.88411,13854677.891539998,,,Voice In
11443454-101000485408,"4155 LEVONSHIRE, HOUSTON TX 77025",HARRIS,K,BRAESWOOD,0850060000002,SW,SE,THURSDAY,3rd Tuesday,THURSDAY-A,532N,,PWE Public Works Engineering,Street and Drainage,Flooding,ROWM_StormSewer,4.0,Closed,2011-12-05 07:30:50,2011-12-08 07:30:50,2011-12-05 12:00:32,-2.81,Flooding,3096862.16,13813638.88,29.68467772,-95.44571119,Voice In
11443472-101000485443,Intersection 5600 FONDREN RD & 8448 WESTPARK TOLL HWY,,J,MID WEST,,,,,,,530C,,PWE Public Works Engineering,Street and Drainage,Flooding,ROWM_StormSewer,4.0,Closed,2011-12-05 08:13:38,2011-12-08 08:13:38,2011-12-05 12:00:34,-2.84,Flooding,3072806.61047,13826232.05112,,,Voice In
11443610-101000485759,Intersection 3960 DUNVALE RD & 8600 WESTPARK DR,,F,MID WEST,,,,,,,530C,,PWE Public Works Engineering,Street and Drainage,Flooding,ROWM_StormSewer,4.0,Closed,2011-12-05 11:07:35,2011-12-08 11:07:34,2011-12-05 14:40:02,-2.85,Flooding,3074801.47492,13826564.17513,,,Voice In
11443737-101000486016,"7922 BELLFORT, HOUSTON TX 77061",HARRIS,I,GOLFCREST / BELLFORT / REVEILLE,0825690000006,SE,SE,TUESDAY,3rd Wednesday,TUESDAY-A,535T,HCID #9,PWE Public Works Engineering,Street and Drainage,Flooding,ROWM_StormSewer,4.0,Closed,2011-12-05 13:48:34,2011-12-08 13:48:34,2011-12-05 15:40:02,-2.92,Flooding,3151674.33,13810797.69,29.6721767,-95.27345461,Voice In
11443829-101000486179,"6814 NORTHAMPTON, HOUSTON TX 77055",HARRIS,A,SPRING BRANCH EAST,0871870000006,NW,NE,FRIDAY,4th Wednesday,FRIDAY-A,491C,Spring Branch MD,PWE Public Works Engineering,Street and Drainage,Flooding,ROWM_StormSewer,4.0,Closed,2011-12-05 15:09:26,2011-12-08 15:09:26,2011-12-07 08:00:03,-1.3,Flooding,3088387.54,13851003.32,29.78808958,-95.46883701,Voice In
11444373-101000487543,"2033 PEPPERMILL, HOUSTON TX 77080",HARRIS,A,SPRING BRANCH CENTRAL,0681440140007,NW,NE,FRIDAY,4th Thursday,FRIDAY-A,450U,Spring Branch MD,PWE Public Works Engineering,Street and Drainage,Flooding,ROWM_StormSewer,4.0,Closed,2011-12-06 15:39:29,2011-12-09 15:39:28,2011-12-07 12:07:50,-2.15,Flooding,,,29.80979808,-95.5169374,WEB
11446168-101000491438,"12410 RINCON, HOUSTON TX 77077",HARRIS,G,BRIARFOREST AREA,0991310000031,,,,,,488R,,PWE Public Works Engineering,Street and Drainage,Flooding,ROWM_StormSewer,4.0,Closed,2011-12-12 08:22:05,2011-12-15 08:22:05,2011-12-12 13:00:09,-2.81,Flooding,,,,,WEB
11449947-101000498284,"6010 PARKER, HOUSTON TX 77016",HARRIS,B,EAST LITTLE YORK / HOMESTEAD,0760190140254,NE,NW,TUESDAY,2nd Thursday,TUESDAY-A,454D,,PWE Public Works Engineering,Street and Drainage,Flooding,ROWM_StormSewer,4.0,Closed,2011-12-20 07:13:30,2011-12-23 07:13:29,2011-12-21 11:59:57,-1.8,Flooding,3137717.21,13877238.98,29.85598065,-95.31069738,Voice In
11449961-101000498327,Intersection 1700 COLQUITT ST & 4200 DUNLAVY ST,,C,NEARTOWN - MONTROSE,,NW,NE,MONDAY,1st Wednesday,Monday-b,492Z,Montrose Management District,PWE Public Works Engineering,Street and Drainage,Flooding,ROWM_StormSewer,4.0,Closed,2011-12-20 07:58:30,2011-12-23 07:58:30,2011-12-20 09:48:39,-2.92,Flooding,3110186.31983,13832426.13256,,,Voice In
11449963-101000498333,"4151 LEVONSHIRE, HOUSTON TX 77025",HARRIS,K,BRAESWOOD,0850060000003,SW,SE,THURSDAY,3rd Tuesday,THURSDAY-A,532N,,PWE Public Works Engineering,Street and Drainage,Flooding,ROWM_StormSewer,4.0,Closed,2011-12-20 08:02:07,2011-12-23 08:02:07,2011-12-20 09:48:25,-2.93,Flooding,3096938.75,13813642.07,29.68468009,-95.44546978,Voice In
11449975-101000498376,"5207 LYMBAR, HOUSTON TX 77096",HARRIS,C,MEYERLAND AREA,0921480000012,SW,SE,TUESDAY,2nd Wednesday,TUESDAY-B,531Y,,PWE Public Works Engineering,Street and Drainage,Flooding,ROWM_StormSewer,4.0,Closed,2011-12-20 08:23:03,2011-12-23 08:23:03,2011-12-20 12:55:26,-2.81,Flooding,,,29.66778237,-95.47050549,WEB
11449995-101000498444,Intersection 9006 CLINTON DR & 0 E IH 610 LOOP N,,I,CLINTON PARK TRI-COMMUNITY,,,,,,,495U,,PWE Public Works Engineering,Street and Drainage,Flooding,ROWM_StormSewer,4.0,Closed,2011-12-20 08:55:38,2011-12-23 08:55:38,2011-12-21 12:39:55,-1.84,Flooding,3153455.62043,13834889.35729,,,Voice In
11450155-101000498835,"9800 HOLLOCK, HOUSTON TX 77075",HARRIS,I,GREATER HOBBY AREA,0780510010001,,,,,,576J,HCID #9,PWE Public Works Engineering,Street and Drainage,Flooding,ROWM_StormSewer,4.0,Closed,2011-12-20 12:13:02,2011-12-23 12:13:02,2011-12-20 14:11:31,-2.92,Flooding,3162016.55,13798487.27,29.63742941,-95.24214833,Voice In
101000499078,Intersection 2522 PARK ST & 1718 WESTHEIMER RD,Harris County,C,NEARTOWN - MONTROSE,,NW,NE,MONDAY,1st Wednesday,MONDAY-A,492V,Montrose Management District,PWE Public Works Engineering,Street and Drainage,Flooding,ROWM_StormSewer,4.0,Closed,2011-12-20 14:06:20,2011-12-23 14:06:20,2011-12-28 14:12:57,5.0,Flooding,,,29.74276731,-95.4028854,Voice In
11450301-101000499203,"507 BRINGHURST, HOUSTON TX 77020",HARRIS,B,GREATER FIFTH WARD,0090180000019,NE,NW,FRIDAY,1st Thursday,FRIDAY-B,494K,,PWE Public Works Engineering,Street and Drainage,Flooding,ROWM_StormSewer,4.0,Closed,2011-12-20 15:09:30,2011-12-23 15:09:30,2011-12-20 21:19:56,-2.74,Flooding,3131302.5,13844663.91,29.76686382,-95.33391105,Voice In
11450442-101000499603,Intersection 3500 W 11TH ST & 1100 SEAMIST DR,Harris County,C,LAZYBROOK / TIMBERGROVE,,,,,,,492A,,PWE Public Works Engineering,Street and Drainage,Flooding,ROWM_StormSewer,4.0,Closed,2011-12-20 19:51:28,2011-12-23 19:51:28,2011-12-22 06:59:57,-1.54,Flooding,3098203.94321,13851710.59563,29.78921517,-95.43783566,Voice In
11450917-101000500582,Intersection 8700 ALCOTT DR & 2500 SOWAY ST,Harris County,A,LANGWOOD,,NW,NE,FRIDAY,4th Thursday,FRIDAY-A,450R,Spring Branch MD,PWE Public Works Engineering,Street and Drainage,Flooding,ROWM_StormSewer,4.0,Closed,2011-12-22 07:28:41,2011-12-25 07:28:41,2011-12-22 11:39:57,-2.83,Flooding,3076499.79436,13861413.43121,29.81768601,-95.50531777,Voice In
11450923-101000500598,"1535 W DONOVAN, HOUSTON TX 77091",HARRIS,B,ACRES HOME,0985320000003,NW,NW,TUESDAY,4th Tuesday,TUESDAY-B,452E,,PWE Public Works Engineering,Street and Drainage,Flooding,ROWM_StormSewer,4.0,Closed,2011-12-22 07:47:34,2011-12-25 07:47:34,2011-12-22 11:39:57,-2.84,Flooding,3097850.95,13871560.37,29.84380555,-95.43704179,Voice In
11450937-101000500637,Intersection 0 CLINTON SB 610 E ENT RAMP & 0 E IH 610 LOOP N,Harris County,I,CLINTON PARK TRI-COMMUNITY,,,,,,,495U,,PWE Public Works Engineering,Street and Drainage,Flooding,ROWM_StormSewer,4.0,Closed,2011-12-22 08:12:04,2011-12-25 08:12:04,2011-12-22 15:19:58,-2.7,Flooding,3153490.06262,13835244.069180002,,,Voice In
11450943-101000500651,"4151 LEVONSHIRE, HOUSTON TX 77025",HARRIS,K,BRAESWOOD,0850060000003,SW,SE,THURSDAY,3rd Tuesday,THURSDAY-A,532N,,PWE Public Works Engineering,Street and Drainage,Flooding,ROWM_StormSewer,4.0,Closed,2011-12-22 08:22:29,2011-12-25 08:22:29,2011-12-22 11:59:54,-2.85,Flooding,3096938.75,13813642.07,29.68468009,-95.44546978,Voice In
11450968-101000500696,Intersection 7836 TIDWELL RD & 9400 N WAYSIDE DR,,B,EAST HOUSTON,,NE,NE,THURSDAY,2nd Monday,,455B,,PWE Public Works Engineering,Street and Drainage,Flooding,ROWM_StormSewer,4.0,Closed,2011-12-22 08:44:08,2011-12-25 08:44:08,2011-12-22 14:19:55,-2.77,Flooding,3146003.38271,13874855.66745,,,Voice In
11450971-101000500700,"1606 W DONOVAN, HOUSTON TX 77091",HARRIS,B,ACRES HOME,0985290000020,NW,NW,TUESDAY,4th Tuesday,TUESDAY-B,452E,,PWE Public Works Engineering,Street and Drainage,Flooding,ROWM_StormSewer,4.0,Closed,2011-12-22 08:45:11,2011-12-25 08:45:11,2011-12-22 11:39:57,-2.88,Flooding,3097543.94,13871689.82,29.84418707,-95.43799732,Voice In
11451028-101000500835,"10710 CEDAR CREEK, HOUSTON TX 77042",HARRIS,G,BRIAR FOREST,0963590000008,,,,,,489Q,,PWE Public Works Engineering,Street and Drainage,Flooding,ROWM_StormSewer,4.0,Closed,2011-12-22 09:56:09,2011-12-25 09:56:09,2011-12-22 11:59:54,-2.91,Flooding,3058259.41,13835873.51,29.74896817,-95.56518057,Voice In
11451036-101000500859,Intersection 600 EASTLAKE ST & 2430 FREY RD,Harris County,E,EDGEBROOK AREA,,SE,SW,THURSDAY,2nd Monday,THURSDAY-B,576F,,PWE Public Works Engineering,Street and Drainage,Flooding,ROWM_StormSewer,4.0,Closed,2011-12-22 10:06:08,2011-12-25 10:06:07,2011-12-22 16:53:30,-2.72,Flooding,3166893.80091,13801228.10539,29.64453125,-95.22652434,Voice In
11451046-101000500883,"507 BRINGHURST, HOUSTON TX 77020",HARRIS,B,GREATER FIFTH WARD,0090180000019,NE,NW,FRIDAY,1st Thursday,FRIDAY-B,494K,,PWE Public Works Engineering,Street and Drainage,Flooding,ROWM_StormSewer,4.0,Closed,2011-12-22 10:13:39,2011-12-25 10:13:38,2011-12-22 15:59:59,-2.76,Flooding,3131302.5,13844663.91,29.76686382,-95.33391105,Voice In
11451112-101000501017,Intersection 12710 ALICE LN & 12624 YANCY DR,Harris County,E,NORTHSHORE,,NE,,THURSDAY,1st Monday,,496M,,PWE Public Works Engineering,Street and Drainage,Flooding,ROWM_StormSewer,4.0,Closed,2011-12-22 11:22:14,2011-12-25 11:22:14,2011-12-22 15:19:53,-2.83,Flooding,3171285.06181,13845255.17547,,,Voice In
11451239-101000501229,"1343 MARDI, HOUSTON TX 77055",HARRIS,A,SPRING BRANCH WEST,0984600000007,NW,SW,FRIDAY,4th Wednesday,Friday-a,450X,Spring Branch MD,PWE Public Works Engineering,Street and Drainage,Flooding,ROWM_StormSewer,4.0,Closed,2011-12-22 13:12:48,2011-12-25 13:12:48,2011-12-22 15:39:57,-2.9,Flooding,3071077.14,13852054.9,29.79240614,-95.52328818,Voice In
11451316-101000501389,"3510 GILLESPIE, HOUSTON TX 77020",HARRIS,B,GREATER FIFTH WARD,0090180000021,NE,NW,FRIDAY,1st Thursday,FRIDAY-B,494K,,PWE Public Works Engineering,Street and Drainage,Flooding,ROWM_StormSewer,4.0,Closed,2011-12-22 14:41:29,2011-12-25 14:41:29,2011-12-27 16:39:49,2.08,Flooding,3131283.9,13844699.94,29.7672177,-95.33427523,Voice In
11451466-101000501712,"4820 SCOTT, HOUSTON TX 77004",HARRIS,D,MACGREGOR,0410310320095,SE,SW,TUESDAY,3rd Friday,TUESDAY-A,533D,Greater Southeast MD,PWE Public Works Engineering,Street and Drainage,Flooding,ROWM_StormSewer,4.0,Closed,2011-12-23 06:09:54,2011-12-26 06:09:54,2011-12-23 06:39:52,-2.98,Flooding,3125435.89,13825758.1,29.71557206,-95.35457327,Voice In
11452148-101000502755,"3208 EVELLA, HOUSTON TX 77026",HARRIS,B,GREATER FIFTH WARD,0121590000008,NE,NW,FRIDAY,1st Thursday,FRIDAY-B,454W,,PWE Public Works Engineering,Street and Drainage,Flooding,ROWM_StormSewer,4.0,Closed,2011-12-27 09:31:12,2011-12-30 09:31:12,2011-12-29 12:19:49,-0.88,Flooding,3130193.6,13853564.93,29.79159511,-95.33684837,Voice In
101000503930,Intersection 5920 ARNCLIFFE DR & 7850 CHALLIE LN,Harris County,A,GREATER INWOOD,,NW,NW,TUESDAY,4th Monday,TUESDAY-B,411P,Near Northwest MD,PWE Public Works Engineering,Street and Drainage,Flooding,ROWM_StormSewer,4.0,Closed,2011-12-28 00:57:58,2011-12-31 00:57:58,2011-12-29 08:14:47,-1.7,Flooding,3084930.59377,13884364.99916,29.88007741,-95.47656238,Voice In
11452689-101000504120,"4154 LEVONSHIRE, HOUSTON TX 77025",HARRIS,K,BRAESWOOD,0850010000018,SW,SE,THURSDAY,3rd Tuesday,THURSDAY-A,532N,,PWE Public Works Engineering,Street and Drainage,Flooding,ROWM_StormSewer,4.0,Closed,2011-12-28 09:22:07,2011-12-31 09:22:06,2011-12-28 14:27:05,-2.79,Flooding,3096862.68,13813815.76,29.68516387,-95.44569265,Voice In
11453080-101000505080,"7922 BELLFORT, HOUSTON TX 77061",HARRIS,I,GOLFCREST / BELLFORT / REVEILLE,0825690000006,SE,SE,TUESDAY,3rd Wednesday,TUESDAY-A,535T,HCID #9,PWE Public Works Engineering,Street and Drainage,Flooding,ROWM_StormSewer,4.0,Closed,2011-12-28 16:57:12,2011-12-31 16:57:12,2011-12-29 05:19:43,-2.48,Flooding,3151674.33,13810797.69,29.6721767,-95.27345461,Voice In
